-10;-0,648238
-9,99;-0,63413
-9,98;-0,6202
-9,97;-0,60644
-9,96;-0,592846
-9,95;-0,579412
-9,94;-0,566133
-9,93;-0,553002
-9,92;-0,540016
-9,91;-0,527168
-9,9;-0,514456
-9,89;-0,501873
-9,88;-0,489415
-9,87;-0,477078
-9,86;-0,464859
-9,85;-0,452752
-9,84;-0,440754
-9,83;-0,428861
-9,82;-0,417069
-9,81;-0,405375
-9,8;-0,393775
-9,79;-0,382266
-9,78;-0,370844
-9,77;-0,359506
-9,76;-0,348249
-9,75;-0,337071
-9,74;-0,325967
-9,73;-0,314934
-9,72;-0,303971
-9,71;-0,293074
-9,7;-0,282241
-9,69;-0,271468
-9,68;-0,260753
-9,67;-0,250093
-9,66;-0,239487
-9,65;-0,228931
-9,64;-0,218422
-9,63;-0,208062
-9,62;-0,197633
-9,61;-0,187244
-9,6;-0,176895
-9,59;-0,166582
-9,58;-0,156304
-9,57;-0,146059
-9,56;-0,135843
-9,55;-0,125655
-9,54;-0,115492
-9,53;-0,105353
-9,52;-0,095236
-9,51;-0,085137
-9,5;-0,075056
-9,49;-0,064989
-9,48;-0,054935
-9,47;-0,044892
-9,46;-0,034858
-9,45;-0,024831
-9,44;-0,014808
-9,43;-0,004787
-9,42;0,004342
-9,41;0,014362
-9,4;0,024384
-9,39;0,034411
-9,38;0,044443
-9,37;0,054484
-9,36;0,064535
-9,35;0,074598
-9,34;0,084676
-9,33;0,09477
-9,32;0,104883
-9,31;0,115017
-9,3;0,125173
-9,29;0,135355
-9,28;0,145563
-9,27;0,155801
-9,26;0,16607
-9,25;0,176374
-9,24;0,186713
-9,23;0,19709
-9,22;0,207508
-9,21;0,217969
-9,2;0,228476
-9,19;0,23903
-9,18;0,249635
-9,17;0,260292
-9,16;0,271005
-9,15;0,281775
-9,14;0,292607
-9,13;0,303501
-9,12;0,314462
-9,11;0,325491
-9,1;0,336593
-9,09;0,347769
-9,08;0,359023
-9,07;0,370358
-9,06;0,381777
-9,05;0,393283
-9,04;0,40488
-9,03;0,416571
-9,02;0,42836
-9,01;0,44025
-9;0,452245
-8,99;0,464102
-8,98;0,476326
-8,97;0,488667
-8,96;0,501129
-8,95;0,513717
-8,94;0,526434
-8,93;0,539286
-8,92;0,552277
-8,91;0,565412
-8,9;0,578696
-8,89;0,592135
-8,88;0,605733
-8,87;0,619497
-8,86;0,633432
-8,85;0,647544
-8,84;0,661841
-8,83;0,676327
-8,82;0,691011
-8,81;0,705898
-8,8;0,720998
-8,79;0,736316
-8,78;0,751861
-8,77;0,767641
-8,76;0,783665
-8,75;0,799942
-8,74;0,817118
-8,73;0,833907
-8,72;0,850979
-8,71;0,868344
-8,7;0,886015
-8,69;0,904002
-8,68;0,922317
-8,67;0,940975
-8,66;0,959987
-8,65;0,979369
-8,64;0,999135
-8,63;1,0193
-8,62;1,039881
-8,61;1,060895
-8,6;1,08236
-8,59;1,104296
-8,58;1,126722
-8,57;1,149659
-8,56;1,17313
-8,55;1,197159
-8,54;1,221771
-8,53;1,246992
-8,52;1,27285
-8,51;1,299376
-8,5;1,3266
-8,49;1,354557
-8,48;1,383282
-8,47;1,412813
-8,46;1,44319
-8,45;1,474458
-8,44;1,506662
-8,43;1,539851
-8,42;1,575502
-8,41;1,610754
-8,4;1,647164
-8,39;1,684797
-8,38;1,723725
-8,37;1,764021
-8,36;1,805768
-8,35;1,849055
-8,34;1,893976
-8,33;1,940635
-8,32;1,989145
-8,31;2,039627
-8,3;2,092215
-8,29;2,147053
-8,28;2,204302
-8,27;2,264135
-8,26;2,326743
-8,25;2,392338
-8,24;2,461151
-8,23;2,53344
-8,22;2,60949
-8,21;2,689618
-8,2;2,774179
-8,19;2,863569
-8,18;2,958231
-8,17;3,058668
-8,16;3,165446
-8,15;3,279208
-8,14;3,400686
-8,13;3,53072
-8,12;3,670275
-8,11;3,820466
-8,1;3,982593
-8,09;4,158171
-8,08;4,348986
-8,07;4,557156
-8,06;4,78283
-8,05;5,03381
-8,04;5,311407
-8,03;5,620158
-8,02;5,965693
-8,01;6,355086
-8;6,797348
-7,99;7,281618
-7,98;7,869941
-7,97;8,558821
-7,96;9,376713
-7,95;10,363922
-7,94;11,579502
-7,93;13,113574
-7,92;15,110867
-7,91;17,819453
-7,9;21,703034
-7,89;27,74027
-7,88;38,414395
-7,87;62,409604
-7,86;166,128069
-7,85;-251,112661
-7,84;-71,50505
-7,83;-41,680886
-7,82;-29,406876
-7,81;-22,71201
-7,8;-18,49571
-7,79;-15,595816
-7,78;-13,478518
-7,77;-11,864257
-7,76;-10,59246
-7,75;-9,564322
-7,74;-8,715713
-7,73;-8,003193
-7,72;-7,396292
-7,71;-6,873003
-7,7;-6,442497
-7,69;-6,043164
-7,68;-5,689349
-7,67;-5,37363
-7,66;-5,090114
-7,65;-4,834066
-7,64;-4,601634
-7,63;-4,389655
-7,62;-4,195506
-7,61;-4,016994
-7,6;-3,852272
-7,59;-3,699773
-7,58;-3,558157
-7,57;-3,426275
-7,56;-3,303134
-7,55;-3,187869
-7,54;-3,079729
-7,53;-2,978053
-7,52;-2,88226
-7,51;-2,791837
-7,5;-2,706329
-7,49;-2,625329
-7,48;-2,548476
-7,47;-2,475445
-7,46;-2,405946
-7,45;-2,339715
-7,44;-2,276515
-7,43;-2,216132
-7,42;-2,159528
-7,41;-2,104117
-7,4;-2,050996
-7,39;-2,000015
-7,38;-1,951038
-7,37;-1,903942
-7,36;-1,85861
-7,35;-1,814938
-7,34;-1,772828
-7,33;-1,732191
-7,32;-1,692942
-7,31;-1,655004
-7,3;-1,618307
-7,29;-1,582783
-7,28;-1,546891
-7,27;-1,513459
-7,26;-1,481024
-7,25;-1,449537
-7,24;-1,418951
-7,23;-1,389222
-7,22;-1,360308
-7,21;-1,332171
-7,2;-1,304775
-7,19;-1,278085
-7,18;-1,252069
-7,17;-1,226698
-7,16;-1,201941
-7,15;-1,177774
-7,14;-1,154169
-7,13;-1,131104
-7,12;-1,108555
-7,11;-1,0865
-7,1;-1,06492
-7,09;-1,043795
-7,08;-1,023107
-7,07;-1,002838
-7,06;-0,982972
-7,05;-0,963493
-7,04;-0,944385
-7,03;-0,925635
-7,02;-0,907229
-7,01;-0,889154
-7;-0,871398
-6,99;-0,853949
-6,98;-0,836795
-6,97;-0,819926
-6,96;-0,803331
-6,95;-0,787
-6,94;-0,770925
-6,93;-0,755095
-6,92;-0,739503
-6,91;-0,72414
-6,9;-0,708997
-6,89;-0,694067
-6,88;-0,679343
-6,87;-0,664818
-6,86;-0,650485
-6,85;-0,635759
-6,84;-0,621842
-6,83;-0,608093
-6,82;-0,594508
-6,81;-0,58108
-6,8;-0,567804
-6,79;-0,554676
-6,78;-0,54169
-6,77;-0,528842
-6,76;-0,516126
-6,75;-0,503539
-6,74;-0,491077
-6,73;-0,478734
-6,72;-0,466507
-6,71;-0,454647
-6,7;-0,442648
-6,69;-0,430754
-6,68;-0,41896
-6,67;-0,407264
-6,66;-0,395662
-6,65;-0,38415
-6,64;-0,372726
-6,63;-0,361385
-6,62;-0,350126
-6,61;-0,338944
-6,6;-0,327837
-6,59;-0,316803
-6,58;-0,305837
-6,57;-0,294938
-6,56;-0,284103
-6,55;-0,273329
-6,54;-0,262613
-6,53;-0,251953
-6,52;-0,241346
-6,51;-0,23079
-6,5;-0,220282
-6,49;-0,209821
-6,48;-0,199403
-6,47;-0,189027
-6,46;-0,178689
-6,45;-0,168388
-6,44;-0,158122
-6,43;-0,147888
-6,42;-0,138115
-6,41;-0,127851
-6,4;-0,117626
-6,39;-0,107436
-6,38;-0,097279
-6,37;-0,087151
-6,36;-0,07705
-6,35;-0,066971
-6,34;-0,056913
-6,33;-0,046872
-6,32;-0,036844
-6,31;-0,026828
-6,3;-0,016819
-6,29;-0,006816
-6,28;0,003186
-6,27;0,013189
-6,26;0,023196
-6,25;0,03321
-6,24;0,043234
-6,23;0,053272
-6,22;0,063326
-6,21;0,073399
-6,2;0,083495
-6,19;0,093616
-6,18;0,103766
-6,17;0,113948
-6,16;0,124164
-6,15;0,134419
-6,14;0,144716
-6,13;0,154451
-6,12;0,164712
-6,11;0,175008
-6,1;0,18534
-6,09;0,195711
-6,08;0,206124
-6,07;0,216468
-6,06;0,226958
-6,05;0,237496
-6,04;0,248084
-6,03;0,258724
-6,02;0,269419
-6,01;0,280171
-6;0,290984
-5,99;0,301859
-5,98;0,312799
-5,97;0,323808
-5,96;0,334888
-5,95;0,346041
-5,94;0,357271
-5,93;0,368581
-5,92;0,379974
-5,91;0,391452
-5,9;0,40302
-5,89;0,41468
-5,88;0,426437
-5,87;0,438292
-5,86;0,450251
-5,85;0,462316
-5,84;0,474492
-5,83;0,486783
-5,82;0,499191
-5,81;0,511722
-5,8;0,52438
-5,79;0,537169
-5,78;0,550094
-5,77;0,563159
-5,76;0,576369
-5,75;0,58973
-5,74;0,603246
-5,73;0,616923
-5,72;0,630766
-5,71;0,645394
-5,7;0,659647
-5,69;0,674089
-5,68;0,688726
-5,67;0,703566
-5,66;0,718616
-5,65;0,733883
-5,64;0,749375
-5,63;0,765101
-5,62;0,781069
-5,61;0,797288
-5,6;0,813767
-5,59;0,830515
-5,58;0,847544
-5,57;0,864862
-5,56;0,882482
-5,55;0,900415
-5,54;0,918673
-5,53;0,937269
-5,52;0,956215
-5,51;0,975526
-5,5;0,995217
-5,49;1,015301
-5,48;1,035797
-5,47;1,05672
-5,46;1,078088
-5,45;1,09992
-5,44;1,122236
-5,43;1,145057
-5,42;1,168404
-5,41;1,192301
-5,4;1,216772
-5,39;1,242852
-5,38;1,268632
-5,37;1,295076
-5,36;1,322214
-5,35;1,350081
-5,34;1,378712
-5,33;1,408145
-5,32;1,438419
-5,31;1,469579
-5,3;1,50167
-5,29;1,534741
-5,28;1,568845
-5,27;1,604037
-5,26;1,640379
-5,25;1,677935
-5,24;1,716775
-5,23;1,756975
-5,22;1,798615
-5,21;1,841783
-5,2;1,886574
-5,19;1,93309
-5,18;1,981443
-5,17;2,031755
-5,16;2,084157
-5,15;2,138794
-5,14;2,194602
-5,13;2,254091
-5,12;2,316325
-5,11;2,381513
-5,1;2,449883
-5,09;2,52169
-5,08;2,597216
-5,07;2,676772
-5,06;2,760708
-5,05;2,849415
-5,04;2,943329
-5,03;3,042945
-5,02;3,148819
-5,01;3,261584
-5;3,38196
-4,99;3,510773
-4,98;3,648968
-4,97;3,797643
-4,96;3,958068
-4,95;4,131732
-4,94;4,320382
-4,93;4,52609
-4,92;4,751327
-4,91;4,999063
-4,9;5,272906
-4,89;5,577278
-4,88;5,917656
-4,87;6,300916
-4,86;6,735798
-4,85;7,233593
-4,84;7,809145
-4,83;8,482361
-4,82;9,280583
-4,81;10,242407
-4,8;11,424139
-4,79;12,911273
-4,78;14,840218
-4,77;17,442826
-4,76;21,147576
-4,75;26,844092
-4,74;36,731866
-4,73;58,135425
-4,72;139,260345
-4,71;-513,219686
-4,7;-83,552148
-4,69;-45,473897
-4,68;-31,233677
-4,67;-23,781847
-4,66;-19,197852
-4,65;-16,092789
-4,64;-13,849963
-4,63;-12,153706
-4,62;-10,825681
-4,61;-9,757526
-4,6;-8,879598
-4,59;-8,145097
-4,58;-7,521413
-4,57;-6,985123
-4,56;-6,518971
-4,55;-6,109965
-4,54;-5,748132
-4,53;-5,425695
-4,52;-5,136494
-4,51;-4,875593
-4,5;-4,641369
-4,49;-4,42578
-4,48;-4,228486
-4,47;-4,047218
-4,46;-3,880067
-4,45;-3,725415
-4,44;-3,581885
-4,43;-3,448291
-4,42;-3,323612
-4,41;-3,206962
-4,4;-3,097568
-4,39;-2,994754
-4,38;-2,897924
-4,37;-2,806553
-4,36;-2,720175
-4,35;-2,638376
-4,34;-2,560786
-4,33;-2,487073
-4,32;-2,416941
-4,31;-2,350122
-4,3;-2,286374
-4,29;-2,225478
-4,28;-2,167235
-4,27;-2,111465
-4,26;-2,058003
-4,25;-2,006699
-4,24;-1,957415
-4,23;-1,910025
-4,22;-1,864412
-4,21;-1,82047
-4,2;-1,778101
-4,19;-1,737213
-4,18;-1,697722
-4,17;-1,659551
-4,16;-1,622627
-4,15;-1,586884
-4,14;-1,552257
-4,13;-1,51869
-4,12;-1,486128
-4,11;-1,454521
-4,1;-1,42382
-4,09;-1,393983
-4,08;-1,364966
-4,07;-1,336732
-4,06;-1,309243
-4,05;-1,282465
-4,04;-1,256366
-4,03;-1,229944
-4,02;-1,205186
-4,01;-1,181014
-4;-1,157404
-3,99;-1,134333
-3,98;-1,111777
-3,97;-1,089715
-3,96;-1,068128
-3,95;-1,046995
-3,94;-1,026299
-3,93;-1,006022
-3,92;-0,986148
-3,91;-0,966662
-3,9;-0,947548
-3,89;-0,928792
-3,88;-0,910381
-3,87;-0,892301
-3,86;-0,874542
-3,85;-0,85709
-3,84;-0,839934
-3,83;-0,823064
-3,82;-0,805819
-3,81;-0,789466
-3,8;-0,773369
-3,79;-0,757518
-3,78;-0,741905
-3,77;-0,726521
-3,76;-0,711358
-3,75;-0,696409
-3,74;-0,681666
-3,73;-0,667122
-3,72;-0,65277
-3,71;-0,638605
-3,7;-0,624618
-3,69;-0,610805
-3,68;-0,597159
-3,67;-0,583674
-3,66;-0,570346
-3,65;-0,557169
-3,64;-0,544137
-3,63;-0,531246
-3,62;-0,518491
-3,61;-0,505867
-3,6;-0,49337
-3,59;-0,480995
-3,58;-0,468739
-3,57;-0,456596
-3,56;-0,444564
-3,55;-0,432638
-3,54;-0,420814
-3,53;-0,409089
-3,52;-0,39746
-3,51;-0,385922
-3,5;-0,374473
-3,49;-0,363109
-3,48;-0,351826
-3,47;-0,340623
-3,46;-0,329496
-3,45;-0,318441
-3,44;-0,307456
-3,43;-0,296538
-3,42;-0,285685
-3,41;-0,274893
-3,4;-0,26416
-3,39;-0,253483
-3,38;-0,24286
-3,37;-0,232288
-3,36;-0,221765
-3,35;-0,211394
-3,34;-0,20095
-3,33;-0,190549
-3,32;-0,180187
-3,31;-0,169863
-3,3;-0,159575
-3,29;-0,149319
-3,28;-0,139094
-3,27;-0,128897
-3,26;-0,118727
-3,25;-0,108581
-3,24;-0,098456
-3,23;-0,088352
-3,22;-0,078265
-3,21;-0,068194
-3,2;-0,058137
-3,19;-0,04809
-3,18;-0,038054
-3,17;-0,028024
-3,16;-0,018
-3,15;-0,007979
-3,14;0,001151
-3,13;0,01117
-3,12;0,021192
-3,11;0,031216
-3,1;0,041247
-3,09;0,051284
-3,08;0,061332
-3,07;0,071391
-3,06;0,081464
-3,05;0,091553
-3,04;0,10166
-3,03;0,111786
-3,02;0,121935
-3,01;0,132109
-3;0,142308
-2,99;0,152537
-2,98;0,162796
-2,97;0,173088
-2,96;0,183415
-2,95;0,19378
-2,94;0,204185
-2,93;0,214632
-2,92;0,225124
-2,91;0,235663
-2,9;0,246251
-2,89;0,256891
-2,88;0,267586
-2,87;0,278338
-2,86;0,28915
-2,85;0,300024
-2,84;0,310963
-2,83;0,32197
-2,82;0,333049
-2,81;0,344201
-2,8;0,35543
-2,79;0,366738
-2,78;0,37813
-2,77;0,389608
-2,76;0,401176
-2,75;0,412837
-2,74;0,424594
-2,73;0,436452
-2,72;0,448413
-2,71;0,460232
-2,7;0,47242
-2,69;0,484723
-2,68;0,497146
-2,67;0,509694
-2,66;0,522369
-2,65;0,535178
-2,64;0,548124
-2,63;0,561212
-2,62;0,574448
-2,61;0,587837
-2,6;0,601384
-2,59;0,615094
-2,58;0,628974
-2,57;0,64303
-2,56;0,657267
-2,55;0,671692
-2,54;0,686312
-2,53;0,701134
-2,52;0,716165
-2,51;0,731412
-2,5;0,746884
-2,49;0,762588
-2,48;0,778534
-2,47;0,79473
-2,46;0,811185
-2,45;0,828529
-2,44;0,84551
-2,43;0,86278
-2,42;0,880352
-2,41;0,898237
-2,4;0,916447
-2,39;0,934994
-2,38;0,953892
-2,37;0,973155
-2,36;0,992796
-2,35;1,012832
-2,34;1,033279
-2,33;1,054153
-2,32;1,075473
-2,31;1,097256
-2,3;1,119524
-2,29;1,142296
-2,28;1,165595
-2,27;1,189443
-2,26;1,213867
-2,25;1,238891
-2,24;1,264543
-2,23;1,290852
-2,22;1,317851
-2,21;1,34557
-2,2;1,374046
-2,19;1,403316
-2,18;1,43342
-2,17;1,464399
-2,16;1,496299
-2,15;1,529169
-2,14;1,564506
-2,13;1,599402
-2,12;1,635436
-2,11;1,672673
-2,1;1,71118
-2,09;1,751032
-2,08;1,792308
-2,07;1,835094
-2,06;1,879484
-2,05;1,925577
-2,04;1,973485
-2,03;2,023325
-2,02;2,075227
-2,01;2,129332
-2;2,185795
-1,99;2,244785
-1,98;2,306487
-1,97;2,371106
-1,96;2,438867
-1,95;2,510019
-1,94;2,584839
-1,93;2,663631
-1,92;2,74674
-1,91;2,834545
-1,9;2,927477
-1,89;3,026016
-1,88;3,130709
-1,87;3,242171
-1,86;3,361105
-1,85;3,488315
-1,84;3,624724
-1,83;3,771396
-1,82;3,929568
-1,81;4,100681
-1,8;4,28643
-1,79;4,48882
-1,78;4,707854
-1,77;4,951167
-1,76;5,219838
-1,75;5,518113
-1,74;5,85124
-1,73;6,225789
-1,72;6,650089
-1,71;7,111819
-1,7;7,672742
-1,69;8,326938
-1,68;9,100031
-1,67;10,027974
-1,66;11,162844
-1,65;12,583019
-1,64;14,412177
-1,63;16,85756
-1,62;20,294886
-1,61;25,483224
-1,6;34,221331
-1,59;52,05466
-1,58;108,629707
-1,57;NaN
-1,56;-92,605035
-1,55;-48,068321
-1,54;-32,451741
-1,53;-24,488577
-1,52;-19,658769
-1,51;-16,416161
-1,5;-14,088177
-1,49;-12,335214
-1,48;-10,967281
-1,47;-9,869782
-1,46;-8,969493
-1,45;-8,217438
-1,44;-7,579619
-1,43;-7,031696
-1,42;-6,580725
-1,41;-6,165018
-1,4;-5,797596
-1,39;-5,470446
-1,38;-5,177236
-1,37;-4,912894
-1,36;-4,673312
-1,35;-4,455126
-1,34;-4,255554
-1,33;-4,072277
-1,32;-3,903345
-1,31;-3,747107
-1,3;-3,602158
-1,29;-3,46729
-1,28;-3,341464
-1,27;-3,223777
-1,26;-3,113443
-1,25;-3,009775
-1,24;-2,912167
-1,23;-2,820086
-1,22;-2,733058
-1,21;-2,650663
-1,2;-2,572526
-1,19;-2,498311
-1,18;-2,427717
-1,17;-2,360472
-1,16;-2,296331
-1,15;-2,235073
-1,14;-2,177685
-1,13;-2,121511
-1,12;-2,067677
-1,11;-2,01603
-1,1;-1,966429
-1,09;-1,918747
-1,08;-1,872865
-1,07;-1,828675
-1,06;-1,786078
-1,05;-1,74498
-1,04;-1,705298
-1,03;-1,666951
-1,02;-1,629866
-1,01;-1,593975
-1;-1,557759
-0,99;-1,523997
-0,98;-1,49125
-0,97;-1,459467
-0,96;-1,428599
-0,95;-1,398601
-0,94;-1,369432
-0,93;-1,341052
-0,92;-1,313423
-0,91;-1,286512
-0,9;-1,260285
-0,89;-1,234711
-0,88;-1,209762
-0,87;-1,18541
-0,86;-1,161628
-0,85;-1,138394
-0,84;-1,115683
-0,83;-1,093473
-0,82;-1,071744
-0,81;-1,050476
-0,8;-1,029651
-0,79;-1,00925
-0,78;-0,989257
-0,77;-0,969656
-0,76;-0,950432
-0,75;-0,93157
-0,74;-0,913056
-0,73;-0,894877
-0,72;-0,87702
-0,71;-0,859474
-0,7;-0,842228
-0,69;-0,825269
-0,68;-0,808588
-0,67;-0,792174
-0,66;-0,776018
-0,65;-0,760111
-0,64;-0,744445
-0,63;-0,729009
-0,62;-0,713797
-0,61;-0,6988
-0,6;-0,684012
-0,59;-0,669424
-0,58;-0,65503
-0,57;-0,640823
-0,56;-0,626256
-0,55;-0,612455
-0,54;-0,598818
-0,53;-0,58534
-0,52;-0,572017
-0,51;-0,558842
-0,5;-0,545811
-0,49;-0,53292
-0,48;-0,520162
-0,47;-0,507535
-0,46;-0,495033
-0,45;-0,482653
-0,44;-0,47039
-0,43;-0,45824
-0,42;-0,446458
-0,41;-0,434531
-0,4;-0,422706
-0,39;-0,410979
-0,38;-0,399347
-0,37;-0,387807
-0,36;-0,376355
-0,35;-0,364988
-0,34;-0,353703
-0,33;-0,342497
-0,32;-0,331367
-0,31;-0,32031
-0,3;-0,309323
-0,29;-0,298403
-0,28;-0,287548
-0,27;-0,276754
-0,26;-0,26602
-0,25;-0,255342
-0,24;-0,244719
-0,23;-0,234147
-0,22;-0,223624
-0,21;-0,213148
-0,2;-0,202717
-0,19;-0,192327
-0,18;-0,181978
-0,17;-0,171665
-0,16;-0,161388
-0,15;-0,151144
-0,14;-0,141393
-0,13;-0,131116
-0,12;-0,120879
-0,11;-0,110678
-0,1;-0,100511
-0,09;-0,090374
-0,08;-0,080265
-0,07;-0,070179
-0,06;-0,060115
-0,05;-0,050068
-0,04;-0,040037
-0,03;-0,030017
-0,02;-0,020007
-0,01;-0,010002
0;0
0,01;0,010002
0,02;0,020008
0,03;0,030019
0,04;0,04004
0,05;0,050073
0,06;0,060121
0,07;0,070188
0,08;0,080276
0,09;0,090389
0,1;0,10053
0,11;0,110701
0,12;0,120906
0,13;0,131149
0,14;0,141431
0,15;0,151189
0,16;0,16144
0,17;0,171724
0,18;0,182045
0,19;0,192403
0,2;0,202802
0,21;0,213244
0,22;0,223612
0,23;0,234134
0,24;0,244706
0,25;0,255329
0,26;0,266006
0,27;0,27674
0,28;0,287533
0,29;0,298388
0,3;0,309307
0,31;0,320294
0,32;0,331351
0,33;0,34248
0,34;0,353685
0,35;0,36497
0,36;0,376336
0,37;0,387786
0,38;0,399325
0,39;0,410956
0,4;0,422681
0,41;0,434505
0,42;0,446431
0,43;0,458462
0,44;0,470602
0,45;0,482855
0,46;0,495226
0,47;0,507717
0,48;0,520334
0,49;0,533081
0,5;0,545962
0,51;0,558982
0,52;0,572145
0,53;0,585458
0,54;0,598924
0,55;0,612549
0,56;0,626338
0,57;0,640893
0,58;0,655087
0,59;0,669468
0,6;0,684042
0,61;0,698816
0,62;0,713799
0,63;0,728996
0,64;0,744416
0,65;0,760066
0,66;0,775956
0,67;0,792094
0,68;0,808489
0,69;0,825151
0,7;0,842089
0,71;0,859314
0,72;0,876837
0,73;0,894669
0,74;0,912822
0,75;0,931308
0,76;0,950141
0,77;0,969335
0,78;0,988902
0,79;1,00886
0,8;1,029223
0,81;1,050008
0,82;1,071232
0,83;1,092915
0,84;1,115074
0,85;1,137732
0,86;1,160909
0,87;1,184628
0,88;1,208913
0,89;1,234775
0,9;1,26035
0,91;1,286579
0,92;1,313492
0,93;1,341123
0,94;1,369507
0,95;1,39868
0,96;1,428682
0,97;1,459555
0,98;1,491344
0,99;1,524097
1;1,557866
1,01;1,592705
1,02;1,628674
1,03;1,665836
1,04;1,70426
1,05;1,744018
1,06;1,78519
1,07;1,827861
1,08;1,872124
1,09;1,918079
1,1;1,965835
1,11;2,015509
1,12;2,06723
1,13;2,121139
1,14;2,177388
1,15;2,234853
1,16;2,296191
1,17;2,360414
1,18;2,427745
1,19;2,498428
1,2;2,572737
1,21;2,650973
1,22;2,733474
1,23;2,820616
1,24;2,91282
1,25;3,010563
1,26;3,114378
1,27;3,224875
1,28;3,342743
1,29;3,468771
1,3;3,603867
1,31;3,749075
1,32;3,905607
1,33;4,074878
1,34;4,258546
1,35;4,458574
1,36;4,677293
1,37;4,917504
1,38;5,182595
1,39;5,476704
1,4;5,804941
1,41;6,173694
1,42;6,591045
1,43;7,067384
1,44;7,616286
1,45;8,25584
1,46;9,01069
1,47;9,915305
1,48;11,019412
1,49;12,397492
1,5;14,166377
1,51;16,520328
1,52;19,807933
1,53;24,723321
1,54;32,875402
1,55;49,035247
1,56;96,409329
1,57;NaN
1,58;-113,937391
1,59;-53,197252
1,6;-34,695061
1,61;-25,738339
1,62;-20,454074
1,63;-16,967265
1,64;-14,493675
1,65;-12,647359
1,66;-11,216303
1,67;-10,074364
1,68;-9,141791
1,69;-8,365696
1,7;-7,709619
1,71;-7,147612
1,72;-6,660703
1,73;-6,234701
1,74;-5,858777
1,75;-5,524527
1,76;-5,225327
1,77;-4,955886
1,78;-4,711927
1,79;-4,492346
1,8;-4,28949
1,81;-4,10334
1,82;-3,931881
1,83;-3,773408
1,84;-3,626472
1,85;-3,489831
1,86;-3,362415
1,87;-3,243296
1,88;-3,131668
1,89;-3,026827
1,9;-2,928151
1,91;-2,835094
1,92;-2,747173
1,93;-2,663958
1,94;-2,585065
1,95;-2,510151
1,96;-2,438909
1,97;-2,371062
1,98;-2,30636
1,99;-2,244578
2;-2,18551
2,01;-2,128971
2,02;-2,074791
2,03;-2,022816
2,04;-1,972902
2,05;-1,924922
2,06;-1,878755
2,07;-1,834292
2,08;-1,791432
2,09;-1,750081
2,1;-1,710155
2,11;-1,671571
2,12;-1,634258
2,13;-1,598145
2,14;-1,563169
2,15;-1,529271
2,16;-1,496394
2,17;-1,464488
2,18;-1,433504
2,19;-1,403396
2,2;-1,374122
2,21;-1,345643
2,22;-1,31792
2,23;-1,29092
2,24;-1,264608
2,25;-1,238954
2,26;-1,213007
2,27;-1,188651
2,28;-1,164865
2,29;-1,141625
2,3;-1,118907
2,31;-1,09669
2,32;-1,074954
2,33;-1,053678
2,34;-1,032845
2,35;-1,012436
2,36;-0,992436
2,37;-0,972828
2,38;-0,953597
2,39;-0,934728
2,4;-0,916209
2,41;-0,898025
2,42;-0,880165
2,43;-0,862616
2,44;-0,845367
2,45;-0,828408
2,46;-0,811083
2,47;-0,794647
2,48;-0,778469
2,49;-0,762541
2,5;-0,746853
2,51;-0,731396
2,52;-0,716164
2,53;-0,701148
2,54;-0,68634
2,55;-0,671733
2,56;-0,657321
2,57;-0,643097
2,58;-0,629054
2,59;-0,615186
2,6;-0,601488
2,61;-0,587952
2,62;-0,574575
2,63;-0,56135
2,64;-0,548272
2,65;-0,535337
2,66;-0,522539
2,67;-0,509874
2,68;-0,497337
2,69;-0,484924
2,7;-0,47263
2,71;-0,460452
2,72;-0,448385
2,73;-0,436425
2,74;-0,424569
2,75;-0,412814
2,76;-0,401154
2,77;-0,389587
2,78;-0,37811
2,79;-0,366719
2,8;-0,355411
2,81;-0,344183
2,82;-0,333032
2,83;-0,321954
2,84;-0,310948
2,85;-0,300009
2,86;-0,289135
2,87;-0,278324
2,88;-0,267572
2,89;-0,256878
2,9;-0,246238
2,91;-0,23565
2,92;-0,225111
2,93;-0,21462
2,94;-0,204272
2,95;-0,193857
2,96;-0,183484
2,97;-0,173148
2,98;-0,162848
2,99;-0,152582
3;-0,142347
3,01;-0,132142
3,02;-0,121964
3,03;-0,11181
3,04;-0,101679
3,05;-0,091569
3,06;-0,081476
3,07;-0,071401
3,08;-0,061339
3,09;-0,051289
3,1;-0,04125
3,11;-0,031218
3,12;-0,021192
3,13;-0,011171
3,14;-0,001151
3,15;0,007979
3,16;0,017999
3,17;0,028023
3,18;0,038051
3,19;0,048086
3,2;0,05813
3,21;0,068186
3,22;0,078254
3,23;0,088338
3,24;0,098438
3,25;0,108559
3,26;0,1187
3,27;0,128865
3,28;0,139056
3,29;0,149275
3,3;0,159524
3,31;0,169806
3,32;0,180122
3,33;0,190475
3,34;0,200867
3,35;0,2113
3,36;0,221777
3,37;0,232301
3,38;0,242873
3,39;0,253496
3,4;0,264174
3,41;0,274907
3,42;0,285699
3,43;0,296553
3,44;0,307471
3,45;0,318457
3,46;0,329512
3,47;0,34064
3,48;0,351844
3,49;0,363127
3,5;0,374492
3,51;0,385943
3,52;0,397482
3,53;0,409112
3,54;0,420839
3,55;0,432664
3,56;0,444592
3,57;0,456626
3,58;0,468525
3,59;0,480791
3,6;0,493176
3,61;0,505683
3,62;0,518317
3,63;0,531083
3,64;0,543985
3,65;0,557027
3,66;0,570216
3,67;0,583555
3,68;0,597051
3,69;0,610709
3,7;0,624534
3,71;0,638533
3,72;0,652712
3,73;0,667076
3,74;0,681633
3,75;0,69639
3,76;0,711354
3,77;0,726531
3,78;0,741931
3,79;0,75756
3,8;0,773428
3,81;0,789543
3,82;0,805914
3,83;0,82318
3,84;0,84007
3,85;0,857247
3,86;0,874722
3,87;0,892506
3,88;0,91061
3,89;0,929049
3,9;0,947834
3,91;0,966978
3,92;0,986498
3,93;1,006406
3,94;1,026721
3,95;1,047457
3,96;1,068632
3,97;1,090266
3,98;1,112377
3,99;1,134986
4;1,158115
4,01;1,181786
4,02;1,206023
4,03;1,230853
4,04;1,256302
4,05;1,282399
4,06;1,309174
4,07;1,33666
4,08;1,364891
4,09;1,393904
4,1;1,423738
4,11;1,454433
4,12;1,486035
4,13;1,518591
4,14;1,552151
4,15;1,588166
4,16;1,623831
4,17;1,660677
4,18;1,698772
4,19;1,738187
4,2;1,779
4,21;1,821296
4,22;1,865164
4,23;1,910704
4,24;1,958021
4,25;2,007232
4,26;2,058462
4,27;2,111849
4,28;2,167544
4,29;2,225709
4,3;2,286526
4,31;2,350193
4,32;2,416928
4,33;2,486971
4,34;2,56059
4,35;2,638082
4,36;2,719776
4,37;2,806041
4,38;2,897291
4,39;2,993988
4,4;3,096657
4,41;3,205891
4,42;3,322363
4,43;3,446843
4,44;3,580214
4,45;3,723491
4,46;3,877854
4,47;4,044674
4,48;4,22556
4,49;4,42241
4,5;4,637479
4,51;4,871092
4,52;5,131265
4,53;5,419594
4,54;5,740977
4,55;6,101523
4,56;6,508941
4,57;6,949545
4,58;7,484955
4,59;8,107043
4,6;8,838942
4,61;9,712829
4,62;10,774807
4,63;12,093365
4,64;13,774834
4,65;15,993723
4,66;19,057778
4,67;23,565148
4,68;30,85269
4,69;44,645681
4,7;80,697111
4,71;418,520849
4,72;-131,364898
4,73;-56,765771
4,74;-36,198771
4,75;-26,565791
4,76;-20,977239
4,77;-17,327044
4,78;-14,755131
4,79;-12,844698
4,8;-11,369241
4,81;-10,195073
4,82;-9,238203
4,83;-8,443203
4,84;-7,772019
4,85;-7,197661
4,86;-6,724873
4,87;-6,291755
4,88;-5,909916
4,89;-5,570696
4,9;-5,267279
4,91;-4,994228
4,92;-4,747157
4,93;-4,522483
4,94;-4,317253
4,95;-4,129013
4,96;-3,955704
4,97;-3,795586
4,98;-3,647181
4,99;-3,509222
5;-3,38062
5,01;-3,260431
5,02;-3,147834
5,03;-3,042112
5,04;-2,942634
5,05;-2,848846
5,06;-2,760257
5,07;-2,676429
5,08;-2,596974
5,09;-2,521544
5,1;-2,449828
5,11;-2,381543
5,12;-2,316439
5,13;-2,254285
5,14;-2,194875
5,15;-2,139143
5,16;-2,084581
5,17;-2,032253
5,18;-1,982014
5,19;-1,933734
5,2;-1,887291
5,21;-1,842574
5,22;-1,799479
5,23;-1,757914
5,24;-1,717789
5,25;-1,679025
5,26;-1,641546
5,27;-1,605282
5,28;-1,570169
5,29;-1,534638
5,3;-1,501574
5,31;-1,469489
5,32;-1,438334
5,33;-1,408064
5,34;-1,378636
5,35;-1,350008
5,36;-1,322144
5,37;-1,295008
5,38;-1,268567
5,39;-1,242788
5,4;-1,217643
5,41;-1,193103
5,42;-1,169143
5,43;-1,145737
5,44;-1,122861
5,45;-1,100494
5,46;-1,078614
5,47;-1,057202
5,48;-1,036237
5,49;-1,015703
5,5;-0,995582
5,51;-0,975858
5,52;-0,956515
5,53;-0,937539
5,54;-0,918916
5,55;-0,900632
5,56;-0,882674
5,57;-0,86503
5,58;-0,847689
5,59;-0,83064
5,6;-0,813872
5,61;-0,797374
5,62;-0,781137
5,63;-0,765152
5,64;-0,749409
5,65;-0,733901
5,66;-0,718619
5,67;-0,703554
5,68;-0,6887
5,69;-0,674049
5,7;-0,659594
5,71;-0,645329
5,72;-0,630688
5,73;-0,616833
5,74;-0,603144
5,75;-0,589616
5,76;-0,576244
5,77;-0,563023
5,78;-0,549947
5,79;-0,537011
5,8;-0,524212
5,81;-0,511543
5,82;-0,499002
5,83;-0,486584
5,84;-0,474283
5,85;-0,462098
5,86;-0,45028
5,87;-0,438319
5,88;-0,426462
5,89;-0,414704
5,9;-0,403042
5,91;-0,391473
5,92;-0,379994
5,93;-0,3686
5,94;-0,357289
5,95;-0,346058
5,96;-0,334904
5,97;-0,323824
5,98;-0,312815
5,99;-0,301874
6;-0,290998
6,01;-0,280186
6,02;-0,269433
6,03;-0,258737
6,04;-0,248097
6,05;-0,237509
6,06;-0,226971
6,07;-0,21648
6,08;-0,206035
6,09;-0,195632
6,1;-0,18527
6,11;-0,174946
6,12;-0,164658
6,13;-0,154404
6,14;-0,144675
6,15;-0,134385
6,16;-0,124135
6,17;-0,113923
6,18;-0,103746
6,19;-0,0936
6,2;-0,083482
6,21;-0,073389
6,22;-0,063319
6,23;-0,053267
6,24;-0,043231
6,25;-0,033208
6,26;-0,023195
6,27;-0,013188
6,28;-0,003186
6,29;0,006816
6,3;0,01682
6,31;0,026829
6,32;0,036847
6,33;0,046876
6,34;0,056919
6,35;0,066979
6,36;0,07706
6,37;0,087165
6,38;0,097296
6,39;0,107458
6,4;0,117652
6,41;0,127882
6,42;0,138151
6,43;0,14793
6,44;0,158171
6,45;0,168444
6,46;0,178753
6,47;0,189099
6,48;0,199485
6,49;0,209913
6,5;0,22027
6,51;0,230777
6,52;0,241333
6,53;0,251939
6,54;0,262599
6,55;0,273315
6,56;0,284089
6,57;0,294923
6,58;0,305822
6,59;0,316787
6,6;0,327821
6,61;0,338927
6,62;0,350108
6,63;0,361366
6,64;0,372706
6,65;0,38413
6,66;0,39564
6,67;0,407241
6,68;0,418936
6,69;0,430728
6,7;0,442621
6,71;0,454618
6,72;0,466723
6,73;0,478939
6,74;0,491272
6,75;0,503725
6,76;0,516301
6,77;0,529006
6,78;0,541844
6,79;0,554819
6,8;0,567937
6,81;0,581201
6,82;0,594617
6,83;0,608191
6,84;0,621927
6,85;0,635832
6,86;0,650546
6,87;0,664866
6,88;0,679378
6,89;0,694088
6,9;0,709003
6,91;0,724131
6,92;0,739479
6,93;0,755056
6,94;0,770868
6,95;0,786926
6,96;0,803238
6,97;0,819814
6,98;0,836663
6,99;0,853795
7;0,871222
7,01;0,888954
7,02;0,907004
7,03;0,925383
7,04;0,944104
7,05;0,963181
7,06;0,982628
7,07;1,00246
7,08;1,022692
7,09;1,04334
7,1;1,064423
7,11;1,085957
7,12;1,107963
7,13;1,130459
7,14;1,153469
7,15;1,177012
7,16;1,201115
7,17;1,225801
7,18;1,252134
7,19;1,278151
7,2;1,304843
7,21;1,332242
7,22;1,360382
7,23;1,389299
7,24;1,419033
7,25;1,449624
7,26;1,481116
7,27;1,513557
7,28;1,546996
7,29;1,581488
7,3;1,617091
7,31;1,653866
7,32;1,69188
7,33;1,731204
7,34;1,771917
7,35;1,814101
7,36;1,857846
7,37;1,903251
7,38;1,950421
7,39;1,99947
7,4;2,050525
7,41;2,103721
7,42;2,159207
7,43;2,215888
7,44;2,27635
7,45;2,339631
7,46;2,405946
7,47;2,475533
7,48;2,548656
7,49;2,625606
7,5;2,70671
7,51;2,79233
7,52;2,882873
7,53;2,978796
7,54;3,080615
7,55;3,188913
7,56;3,304352
7,57;3,427689
7,58;3,55979
7,59;3,701654
7,6;3,854436
7,61;4,019482
7,62;4,198367
7,63;4,39295
7,64;4,605436
7,65;4,838464
7,66;5,095221
7,67;5,379583
7,68;5,696324
7,69;6,051385
7,7;6,452253
7,71;6,908503
7,72;7,432576
7,73;8,040944
7,74;8,75588
7,75;9,608263
7,76;10,642176
7,77;11,922811
7,78;13,550819
7,79;15,690218
7,8;18,62757
7,81;22,912716
7,82;29,751293
7,83;42,397837
7,84;73,72339
7,85;282,146098
7,86;-179,049071
7,87;-64,079433
7,88;-39,018424
7,89;-28,045008
7,9;-21,885747
7,91;-17,941861
7,92;-15,199819
7,93;-13,182534
7,94;-11,635924
7,95;-10,412248
7,96;-9,41974
7,97;-8,598394
7,98;-7,907318
7,99;-7,317685
8;-6,808589
8,01;-6,364499
8,02;-5,973637
8,03;-5,626906
8,04;-5,317172
8,05;-5,038759
8,06;-4,787096
8,07;-4,560848
8,08;-4,352187
8,09;-4,160951
8,1;-3,985011
8,11;-3,82257
8,12;-3,672103
8,13;-3,532306
8,14;-3,402058
8,15;-3,28039
8,16;-3,166457
8,17;-3,059525
8,18;-2,958947
8,19;-2,864156
8,2;-2,774648
8,21;-2,689978
8,22;-2,609747
8,23;-2,533601
8,24;-2,46122
8,25;-2,39232
8,26;-2,326642
8,27;-2,263953
8,28;-2,204042
8,29;-2,146717
8,3;-2,091803
8,31;-2,039141
8,32;-1,988585
8,33;-1,940003
8,34;-1,89327
8,35;-1,848276
8,36;-1,804916
8,37;-1,763094
8,38;-1,722723
8,39;-1,68372
8,4;-1,64601
8,41;-1,609522
8,42;-1,57419
8,43;-1,539955
8,44;-1,506759
8,45;-1,474549
8,46;-1,443276
8,47;-1,412894
8,48;-1,383359
8,49;-1,35463
8,5;-1,326671
8,51;-1,299444
8,52;-1,272916
8,53;-1,247056
8,54;-1,220889
8,55;-1,196346
8,56;-1,172382
8,57;-1,14897
8,58;-1,126088
8,59;-1,103714
8,6;-1,081827
8,61;-1,060406
8,62;-1,039434
8,63;-1,018892
8,64;-0,998763
8,65;-0,979032
8,66;-0,959682
8,67;-0,9407
8,68;-0,922071
8,69;-0,903781
8,7;-0,885819
8,71;-0,868173
8,72;-0,85083
8,73;-0,833779
8,74;-0,817011
8,75;-0,799854
8,76;-0,783595
8,77;-0,767588
8,78;-0,751824
8,79;-0,736295
8,8;-0,720992
8,81;-0,705908
8,82;-0,691034
8,83;-0,676365
8,84;-0,661891
8,85;-0,647608
8,86;-0,633508
8,87;-0,619585
8,88;-0,605833
8,89;-0,592246
8,9;-0,578819
8,91;-0,565546
8,92;-0,552422
8,93;-0,539442
8,94;-0,526601
8,95;-0,513894
8,96;-0,501317
8,97;-0,488865
8,98;-0,476533
8,99;-0,464319
9;-0,452217
9,01;-0,440223
9,02;-0,428335
9,03;-0,416547
9,04;-0,404858
9,05;-0,393262
9,06;-0,381757
9,07;-0,370339
9,08;-0,359005
9,09;-0,347751
9,1;-0,336576
9,11;-0,325475
9,12;-0,314446
9,13;-0,303486
9,14;-0,292592
9,15;-0,281761
9,16;-0,270991
9,17;-0,260278
9,18;-0,249621
9,19;-0,239017
9,2;-0,228463
9,21;-0,217957
9,22;-0,207598
9,23;-0,19717
9,24;-0,186784
9,25;-0,176436
9,26;-0,166125
9,27;-0,155849
9,28;-0,145604
9,29;-0,13539
9,3;-0,125203
9,31;-0,115042
9,32;-0,104904
9,33;-0,094787
9,34;-0,084689
9,35;-0,074608
9,36;-0,064542
9,37;-0,054489
9,38;-0,044447
9,39;-0,034413
9,4;-0,024385
9,41;-0,014363
9,42;-0,004342
9,43;0,004787
9,44;0,014807
9,45;0,024829
9,46;0,034856
9,47;0,044889
9,48;0,05493
9,49;0,064981
9,5;0,075045
9,51;0,085124
9,52;0,095219
9,53;0,105333
9,54;0,115467
9,55;0,125625
9,56;0,135807
9,57;0,146017
9,58;0,156256
9,59;0,166527
9,6;0,176832
9,61;0,187173
9,62;0,197552
9,63;0,207972
9,64;0,218435
9,65;0,228944
9,66;0,2395
9,67;0,250107
9,68;0,260767
9,69;0,271482
9,7;0,282255
9,71;0,293089
9,72;0,303986
9,73;0,31495
9,74;0,325983
9,75;0,337087
9,76;0,348267
9,77;0,359525
9,78;0,370863
9,79;0,382286
9,8;0,393796
9,81;0,405397
9,82;0,417093
9,83;0,428886
9,84;0,440781
9,85;0,452781
9,86;0,464642
9,87;0,476871
9,88;0,489218
9,89;0,501686
9,9;0,514279
9,91;0,527002
9,92;0,53986
9,93;0,552857
9,94;0,565999
9,95;0,57929
9,96;0,592735
9,97;0,606341
9,98;0,620112
9,99;0,634055
10;0,648175
